<?xml version="1.0" encoding="UTF-8"?>
<!DOCTYPE mapper PUBLIC "-//mybatis.org//DTD Mapper 3.0//EN" "http://mybatis.org/dtd/mybatis-3-mapper.dtd">
<mapper namespace="com.eservice.iot.dao.ShuttleBusAppointmentsMapper">
    <resultMap id="BaseResultMap" type="com.eservice.iot.model.shuttle_bus_appointments.ShuttleBusAppointments">
        <!--
          WARNING - @mbg.generated
        -->
        <id column="id" jdbcType="INTEGER" property="id"/>
        <result column="staff_id" jdbcType="VARCHAR" property="staffId"/>
        <result column="appointments_time" jdbcType="DATE" property="appointmentsTime"/>
        <result column="staff_name" jdbcType="VARCHAR" property="staffName"/>
        <result column="riding_time" jdbcType="TIMESTAMP" property="ridingTime"/>
        <result column="bus_num" jdbcType="VARCHAR" property="busNum"/>
    </resultMap>
    <select id="selectList" resultMap="BaseResultMap">
        select * from `shuttle_bus_appointments`
        where 1=1
        <if test="busAppointments.staffName != null and busAppointments.staffName !='' ">
            and staff_name like concat('%','${busAppointments.staffName}','%')
        </if>
        <if test="busAppointments.busNum != null and busAppointments.busNum !='' ">
            and bus_num like concat('%','${busAppointments.busNum}','%')
        </if>
    </select>

    <select id="selectListInfo" resultMap="BaseResultMap">
        select * from `shuttle_bus_appointments`
        where 1=1
        <if test="staffId != null and staffId !='' ">
           and  staff_id = #{staffId}
        </if>
        <if test=" startTime != null">
          and DATE_FORMAT('appointments_time','%Y-%m-%d %T') >= #{startTime}

        </if>
        <if test="endTime != null">
            and  DATE_FORMAT('appointments_time','%Y-%m-%d %T') &lt;#{endTime}
        </if>

    </select>
</mapper>