<?xml version="1.0" encoding="UTF-8"?>
<!DOCTYPE mapper PUBLIC "-//mybatis.org//DTD Mapper 3.0//EN" "http://mybatis.org/dtd/mybatis-3-mapper.dtd">
<mapper namespace="com.eservice.iot.dao.UserMapper">
  <resultMap id="BaseResultMap" type="com.eservice.iot.model.user.User">
    <!--
      WARNING - @mbg.generated
    -->
    <id column="id" jdbcType="INTEGER" property="id" />
    <result column="account" jdbcType="VARCHAR" property="account" />
    <result column="name" jdbcType="VARCHAR" property="name" />
    <result column="password" jdbcType="VARCHAR" property="password" />
  </resultMap>
  <select id="requestLogin" resultMap="BaseResultMap">
    SELECT u.*
    FROM user u
    WHERE u.account = '${account}' AND u.password = '${password}'
  </select>
</mapper>